<application>
  <component name="LocalDatabaseDriverManager" version="201">
    <driver id="mysql.8">
      <artifact />
      <artifact id="MySQL Connector/J 8" name="MySQL Connector/J 8" channel="fixed" rolling="false" use="true" version="8.0.13" />
    </driver>
    <driver id="mysql">
      <artifact id="MySQL Connector/J" name="MySQL Connector/J" use="true" version="5.1.47" />
    </driver>
    <driver id="oracle">
      <artifact id="Oracle" name="Oracle" use="true" version="12.2.0.1" />
    </driver>
    <driver id="snowflake" />
  </component>
</application>