<application>
  <component name="FileTypeManager" version="18">
    <extensionMap>
      <mapping ext="gradle.kts" type="Kotlin" />
      <mapping ext="main.kts" type="Kotlin" />
      <mapping pattern="dd" type="PLAIN_TEXT" />
      <mapping pattern="ssm" type="PLAIN_TEXT" />
      <mapping pattern="dfd" type="PLAIN_TEXT" />
      <mapping pattern="readme" type="PLAIN_TEXT" />
      <mapping pattern="事务" type="PLAIN_TEXT" />
      <removed_mapping ext="apk" approved="true" type="ARCHIVE" />
      <removed_mapping ext="psd" approved="true" type="Image" />
    </extensionMap>
  </component>
</application>